{"RHEA:42424":0.0,"RHEA:10335":0.0,"RHEA:17400":0.0,"RHEA:24930":0.0,"RHEA:15216":1000.0,"RHEA:24411":0.0,"RHEA:17216":0.0,"RHEA:EX_57427":0.0,"RHEA:30391":0.0,"RHEA:30734":-1000.0000000000001,"RHEA:10895":-1000.0,"RHEA:21651":0.0,"RHEA:16796":2.2737367544323206e-13,"RHEA:10163":0.0,"RHEA:24023":0.0,"RHEA:24059":0.0,"RHEA:13716":-2.0100502512594858,"RHEA:32746":-2.0100502512589173,"RHEA:18164":-166.66666666666666,"RHEA:29378":-1000.0,"RHEA:51619":833.3333333333327,"RHEA:27377":0.0,"RHEA:28361":1000.0,"RHEA:26561":1000.0000000000001,"RHEA:39135":0.0,"RHEA:24067":0.0,"RHEA:13436":1.0231815394945443e-12,"RHEA:24391":-1000.0,"RHEA:10775":0.0,"RHEA:30134":0.0,"RHEA:11587":0.0,"RHEA:23099":-1000.0,"RHEA:29370":1000.0,"RHEA:21564":0.0,"RHEA:32462":0.0,"RHEA:32966":0.0,"RHEA:10119":0.0,"RHEA:55376":0.0,"RHEA:EX_15379":-1.5916157281026244e-12,"RHEA:17012":0.0,"RHEA:41887":166.66666666666663,"RHEA:15504":-167.67169179229427,"RHEA:12359":0.0,"RHEA:31078":-166.66666666666666,"RHEA:EX_28938":1.1368683772161603e-13,"RHEA:26478":0.0,"RHEA:23935":0.0,"RHEA:14720":0.0,"RHEA:28345":0.0,"RHEA:20224":-4.0201005025161995,"RHEA:29402":0.0,"RHEA:15184":0.0,"RHEA:10736":0.0,"RHEA:17288":0.0,"RHEA:17808":0.0,"RHEA:25306":0.0,"RHEA:41912":1000.0,"RHEA:31218":0.0,"RHEA:11064":-1000.0,"RHEA:41903":166.66666666666663,"RHEA:16600":-1000.0,"RHEA:24805":0.0,"RHEA:19364":0.0,"RHEA:16232":-166.66666666666674,"RHEA:18340":0.0,"RHEA:10743":0.0,"RHEA:33271":0.0,"RHEA:41895":166.66666666666663,"RHEA:10607":0.0,"RHEA:13097":0.0,"RHEA:29195":0.0,"RHEA:33051":1000.0,"RHEA:16296":0.0,"RHEA:13036":0.0,"RHEA:23543":0.0,"RHEA:27689":1000.0,"RHEA:29322":0.0,"RHEA:31090":-166.66666666666666,"RHEA:41880":166.66666666666663,"RHEA:23067":0.0,"RHEA:24287":1.1368683772161603e-13,"RHEA:51627":-833.3333333333342,"RHEA:25290":0.0,"RHEA:14268":0.0,"RHEA:28109":0.0,"RHEA:25237":-166.66666666666652,"RHEA:27757":0.0,"RHEA:25163":1000.0,"RHEA:23523":1000.0,"RHEA:41920":0.0,"RHEA:11615":-1000.0,"RHEA:EX_32682":0.0,"RHEA:22063":0.0,"RHEA:22567":1000.0,"RHEA:24219":0.0,"RHEA:22495":0.0,"RHEA:13493":0.0,"RHEA:15424":0.0,"RHEA:41795":1000.0,"RHEA:12423":0.0,"RHEA:20847":4.54747350886464e-13,"RHEA:75426":0.0,"RHEA:22863":0.0,"RHEA:30050":0.0,"RHEA:24292":0.0,"RHEA:21083":-5.684341886080801e-13,"RHEA:22836":0.0,"RHEA:13068":-1000.0,"RHEA:45844":0.0,"RHEA:EX_57856":5.684341886080801e-13,"RHEA:18304":1000.0,"RHEA:30095":0.0,"RHEA:30750":666.6666666666667,"RHEA:18232":0.0,"RHEA:30118":0.0,"RHEA:28209":1000.0,"RHEA:31138":0.0,"RHEA:45840":0.0,"RHEA:43484":0.0,"RHEA:18020":0.0,"RHEA:23151":-1000.0,"RHEA:59143":0.0,"RHEA:37042":0.0,"RHEA:26413":0.0,"RHEA:43636":0.0,"RHEA:40530":-501.00502512562974,"RHEA:14804":-1000.0000000000006,"RHEA:12697":-166.66666666666583,"RHEA:63204":0.0,"RHEA:13240":0.0,"RHEA:25248":0.0,"RHEA:20783":166.66666666666583,"RHEA:28029":1000.0,"RHEA:24816":0.0,"RHEA:31158":-1000.0,"RHEA:41528":-833.3333333333334,"RHEA:19189":-9.094947017729282e-13,"RHEA:58136":0.0,"RHEA:25098":0.0,"RHEA:14008":1000.0,"RHEA:27826":-1000.0,"RHEA:21647":0.0,"RHEA:21039":1000.0,"RHEA:49255":0.0,"RHEA:20016":-1.0231815394945443e-12,"RHEA:13804":0.0,"RHEA:22475":0.0,"RHEA:30742":0.0,"RHEA:14108":-1000.0,"RHEA:10415":0.0,"RHEA:15012":0.0,"RHEA:14976":0.0,"RHEA:12347":0.0,"RHEA:10275":-166.66666666666674,"RHEA:48612":0.0,"RHEA:34246":0.0,"RHEA:23011":0.0,"RHEA:25903":0.0,"RHEA:26333":0.0,"RHEA:10191":0.0,"RHEA:41839":166.6666666666666,"RHEA:27861":0.0,"RHEA:21259":0.0,"RHEA:10380":1.0231815394945443e-12,"RHEA:16864":0.0,"RHEA:19484":0.0,"RHEA:25260":0.0,"RHEA:10167":-167.6716917922937,"RHEA:18248":2.2737367544323206e-13,"RHEA:21583":0.0,"RHEA:52331":0.0,"RHEA:11311":1.1368683772161603e-13,"RHEA:11847":-995.9798994974824,"RHEA:46279":-1000.0,"RHEA:27721":1000.0,"RHEA:36143":500.0000000000001,"RHEA:21019":0.0,"RHEA:36166":0.0,"RHEA:25596":0.0,"RHEA:12187":0.0,"RHEA:21667":0.0,"RHEA:13968":-1000.0,"RHEA:29358":1000.0,"RHEA:27834":0.0,"RHEA:16072":-1000.0,"RHEA:EX_15377":0.0,"RHEA:12976":1000.0,"RHEA:26312":0.0,"RHEA:10231":997.9899497487405,"RHEA:23291":-1000.0,"RHEA:43347":0.0,"RHEA:30190":-1000.000000000001,"RHEA:11415":-1000.0,"RHEA:41871":166.66666666666663,"RHEA:15760":330.31825795644727,"RHEA:31234":0.0,"RHEA:59735":0.0,"RHEA:28357":1000.0,"RHEA:18152":0.0,"RHEA:42319":0.0,"RHEA:23355":0.0,"RHEA:51931":0.0,"RHEA:26461":0.0,"RHEA:12916":0.0,"RHEA:31246":0.0,"RHEA:19632":-2.0100502512594858,"RHEA:22831":0.0,"RHEA:18641":0.0,"RHEA:21071":1000.0,"RHEA:14836":0.0,"RHEA:15349":1000.0,"RHEA:24812":2.2737367544323206e-13,"RHEA:49579":0.0,"RHEA:41856":166.66666666666663,"RHEA:19896":-1000.0,"RHEA:14832":-997.9899497487411,"RHEA:42643":0.0,"RHEA:21287":0.0,"RHEA:41824":166.6666666666666,"RHEA:27677":-833.3333333333327,"RHEA:12664":-1000.0,"RHEA:39155":0.0,"RHEA:EX_16567":1.0231815394945443e-12,"RHEA:21207":0.0,"RHEA:33211":0.0,"RHEA:18636":-1000.0,"RHEA:31103":0.0,"RHEA:19820":1000.0,"RHEA:30946":1000.0,"RHEA:19952":-1000.0,"RHEA:27881":0.0,"RHEA:10339":-1000.0,"RHEA:10255":165.66164154103433,"RHEA:11579":0.0,"RHEA:17473":0.0,"RHEA:17665":0.0,"RHEA:41896":166.66666666666663,"RHEA:32718":0.0,"RHEA:25252":2.2737367544323206e-13,"RHEA:26429":0.0,"RHEA:44696":0.0,"RHEA:20520":0.0,"RHEA:27982":0.0,"RHEA:39159":-1000.0,"RHEA:12613":0.0,"RHEA:18324":0.0,"RHEA:30802":-1.1368683772161603e-13,"RHEA:16948":2.0100502512589173,"RHEA:18384":0.0,"RHEA:30122":0.0,"RHEA:10935":0.0,"RHEA:40523":0.0,"RHEA:10915":2.2737367544323206e-13,"RHEA:32967":0.0,"RHEA:41848":1000.0,"RHEA:13620":0.0,"RHEA:30658":0.0,"RHEA:17988":0.0,"RHEA:33754":-166.66666666666674,"RHEA:27685":0.0,"RHEA:30262":1.0050251256281448,"RHEA:30275":1000.0,"RHEA:45828":0.0,"RHEA:24383":0.0,"RHEA:21588":-1000.0,"RHEA:34854":0.0,"RHEA:15096":0.0,"RHEA:27693":833.3333333333342,"RHEA:41863":166.66666666666663,"RHEA:59139":0.0,"RHEA:22675":0.0,"RHEA:41855":166.66666666666663,"RHEA:EX_15378":0.0,"RHEA:42291":0.0,"RHEA:41847":166.66666666666663,"RHEA:24796":0.0,"RHEA:22091":0.0,"RHEA:34174":0.0,"RHEA:16040":0.0,"RHEA:21363":0.0,"RHEA:30758":0.0,"RHEA:28675":0.0,"RHEA:15616":0.0,"RHEA:25081":-1000.0,"RHEA:48999":0.0,"RHEA:17096":0.0,"RHEA:20855":1000.0,"RHEA:23519":-1000.0,"RHEA:18440":0.0,"RHEA:49003":1000.0,"RHEA:26437":1000.000000000001,"RHEA:47951":-1000.0,"RHEA:24563":-1000.0,"RHEA:12071":0.0,"RHEA:18408":0.0,"RHEA:22631":4.547473508864642e-13,"RHEA:30722":0.0,"RHEA:14360":0.0,"RHEA:18988":0.0,"RHEA:15892":1000.0,"RHEA:31242":0.0,"RHEA:35351":0.0,"RHEA:39131":0.0,"RHEA:25600":0.0,"RHEA:28513":0.0,"RHEA:19129":-1000.0,"RHEA:18868":0.0,"RHEA:19597":1000.0,"RHEA:20775":0.0,"RHEA:22335":0.0,"RHEA:16172":167.67169179229518,"RHEA:18684":0.0,"RHEA:18460":0.0,"RHEA:17664":1000.0,"RHEA:22071":-1000.0,"RHEA:17828":-1000.0,"RHEA:14465":0.0,"RHEA:32995":0.0,"RHEA:10679":0.0,"RHEA:45848":0.0,"RHEA:13988":4.2014700897118967e-13,"RHEA:27889":0.0,"RHEA:25097":-1.0231815394945443e-12,"RHEA:38283":0.0,"RHEA:35326":-1000.0,"RHEA:23923":4.547473508864642e-13,"RHEA:28041":-1000.0,"RHEA:11043":0.0,"RHEA:18620":1000.0,"RHEA:29099":0.0,"RHEA:28193":0.0,"RHEA:49303":0.0,"RHEA:20715":0.0,"RHEA:42403":0.0,"RHEA:27653":833.3333333333337,"RHEA:41904":166.66666666666663,"RHEA:78970":0.0,"RHEA:15393":0.0,"RHEA:21235":0.0,"RHEA:27657":0.0,"RHEA:13900":0.0,"RHEA:21871":0.0,"RHEA:44964":-1000.0,"RHEA:26337":0.0,"RHEA:15056":995.9798994974833,"RHEA:24299":1.0231815394945443e-12,"RHEA:24804":0.0,"RHEA:12644":167.67169179229427,"RHEA:21199":0.0,"RHEA:30070":1000.0,"RHEA:27509":0.0,"RHEA:35603":0.0,"RHEA:17020":9.094947017729282e-13,"RHEA:12596":-166.66666666666674,"RHEA:22171":0.0,"RHEA:59132":0.0,"RHEA:13704":2.0100502512589173,"RHEA:30214":0.0,"RHEA:19625":4.2014700897118967e-13,"RHEA:13196":4.547473508864642e-13,"RHEA:17297":997.9899497487405,"RHEA:24307":2.0100502512589173,"RHEA:15308":-1000.0,"RHEA:43439":0.0,"RHEA:23703":1000.0,"RHEA:16848":-1000.0,"RHEA:49583":0.0,"RHEA:19320":4.547473508864642e-13,"RHEA:31146":166.66666666666666,"RHEA:14629":1000.0,"RHEA:22939":0.0,"RHEA:16372":0.0,"RHEA:26209":0.0,"RHEA:23707":0.0,