{"RHEA:42424":0.0,"RHEA:17400":0.0,"RHEA:24930":0.0,"RHEA:15216":-500.0,"RHEA:24411":0.0,"RHEA:17216":0.0,"RHEA:EX_57427":0.0,"RHEA:30391":0.0,"RHEA:30734":0.0,"RHEA:10895":-1000.0,"RHEA:21651":0.0,"RHEA:16796":0.0,"RHEA:10163":0.0,"RHEA:EX_57972":0.0,"RHEA:24023":1000.0,"RHEA:24059":0.0,"RHEA:13716":500.0,"RHEA:32746":-500.0,"RHEA:18164":0.0,"RHEA:29378":-1000.0,"RHEA:51619":0.0,"RHEA:27377":0.0,"RHEA:28361":1000.0,"RHEA:39135":0.0,"RHEA:24067":0.0,"RHEA:13436":-1000.0,"RHEA:24391":1000.0,"RHEA:10775":0.0,"RHEA:30134":0.0,"RHEA:11587":0.0,"RHEA:23099":1000.0,"RHEA:29370":-1000.0,"RHEA:21564":0.0,"RHEA:32462":0.0,"RHEA:32966":0.0,"RHEA:10119":0.0,"RHEA:EX_15379":0.0,"RHEA:17012":0.0,"RHEA:41887":0.0,"RHEA:15504":1000.0,"RHEA:12359":0.0,"RHEA:EX_28938":0.0,"RHEA:23935":0.0,"RHEA:14720":0.0,"RHEA:28345":0.0,"RHEA:20224":0.0,"RHEA:29402":0.0,"RHEA:15184":0.0,"RHEA:10736":0.0,"RHEA:17288":0.0,"RHEA:17808":0.0,"RHEA:25306":0.0,"RHEA:31218":0.0,"RHEA:11064":-1000.0,"RHEA:41903":0.0,"RHEA:16600":-1000.0,"RHEA:24805":0.0,"RHEA:19364":0.0,"RHEA:16232":0.0,"RHEA:18340":0.0,"RHEA:10743":0.0,"RHEA:33271":0.0,"RHEA:41895":0.0,"RHEA:10607":0.0,"RHEA:13097":0.0,"RHEA:33051":-1000.0,"RHEA:16296":0.0,"RHEA:13036":0.0,"RHEA:23543":0.0,"RHEA:27689":-1000.0,"RHEA:29322":0.0,"RHEA:31090":0.0,"RHEA:23067":0.0,"RHEA:24287":1000.0,"RHEA:51627":1000.0,"RHEA:25290":0.0,"RHEA:14268":0.0,"RHEA:28109":0.0,"RHEA:25237":-1000.0,"RHEA:27757":0.0,"RHEA:25163":-1000.0,"RHEA:23523":0.0,"RHEA:11615":1000.0,"RHEA:EX_32682":0.0,"RHEA:22063":0.0,"RHEA:22567":0.0,"RHEA:24219":0.0,"RHEA:22495":0.0,"RHEA:13493":0.0,"RHEA:15424":0.0,"RHEA:41795":0.0,"RHEA:12423":0.0,"RHEA:20847":1000.0,"RHEA:75426":0.0,"RHEA:22863":0.0,"RHEA:30050":0.0,"RHEA:24292":0.0,"RHEA:21083":0.0,"RHEA:22836":0.0,"RHEA:13068":1000.0,"RHEA:45844":0.0,"RHEA:18304":-1000.0,"RHEA:30095":-1.9940179461615155,"RHEA:30750":-1000.0,"RHEA:18232":0.0,"RHEA:30118":0.0,"RHEA:28209":0.0,"RHEA:31138":0.0,"RHEA:45840":0.0,"RHEA:43484":0.0,"RHEA:18020":0.0,"RHEA:23151":1000.0,"RHEA:59143":0.0,"RHEA:37042":0.0,"RHEA:26413":0.0,"RHEA:43636":0.0,"RHEA:40530":500.99700897308077,"RHEA:14804":1000.0,"RHEA:12697":0.0,"RHEA:13240":0.0,"RHEA:25248":0.0,"RHEA:20783":0.0,"RHEA:28029":-1000.0,"RHEA:24816":0.0,"RHEA:31158":1000.0,"RHEA:19189":500.0,"RHEA:58136":0.0,"RHEA:25098":0.0,"RHEA:14008":-1000.0,"RHEA:21647":0.0,"RHEA:21039":1000.0,"RHEA:49255":0.0,"RHEA:20016":0.0,"RHEA:13804":0.0,"RHEA:22475":0.0,"RHEA:30742":0.0,"RHEA:14108":1000.0,"RHEA:10415":0.0,"RHEA:15012":0.0,"RHEA:14976":0.0,"RHEA:12347":0.0,"RHEA:10275":0.0,"RHEA:48612":0.0,"RHEA:34246":0.0,"RHEA:23011":0.0,"RHEA:25903":0.0,"RHEA:26333":0.0,"RHEA:10191":0.0,"RHEA:41839":0.0,"RHEA:27861":0.0,"RHEA:21259":0.0,"RHEA:EX_57451":0.0,"RHEA:10380":0.0,"RHEA:16864":0.0,"RHEA:19484":0.0,"RHEA:25260":0.0,"RHEA:10167":1000.0,"RHEA:18248":0.0,"RHEA:21583":0.0,"RHEA:52331":0.0,"RHEA:EX_58045":0.0,"RHEA:11311":-1000.0,"RHEA:11847":1000.0,"RHEA:46279":501.99401794616153,"RHEA:27721":-1000.0,"RHEA:36143":-1000.0,"RHEA:21019":0.0,"RHEA:36166":0.0,"RHEA:25596":0.0,"RHEA:12187":0.0,"RHEA:21667":0.0,"RHEA:13968":500.0,"RHEA:29358":1000.0,"RHEA:EX_32551":0.0,"RHEA:16072":1000.0,"RHEA:EX_15377":0.0,"RHEA:12976":-1000.0,"RHEA:10231":500.0,"RHEA:23291":-1000.0,"RHEA:43347":0.0,"RHEA:30190":1000.0,"RHEA:11415":1000.0,"RHEA:41871":0.0,"RHEA:15760":0.0,"RHEA:31234":0.0,"RHEA:59735":0.0,"RHEA:28357":-1000.0,"RHEA:18152":0.0,"RHEA:42319":0.0,"RHEA:23355":0.0,"RHEA:51931":0.0,"RHEA:26461":0.0,"RHEA:12916":0.0,"RHEA:31246":0.0,"RHEA:19632":-500.0,"RHEA:22831":0.0,"RHEA:21071":-1000.0,"RHEA:14836":0.0,"RHEA:15349":-1000.0,"RHEA:24812":0.0,"RHEA:49579":0.0,"RHEA:19896":1000.0,"RHEA:14832":0.0,"RHEA:42643":0.0,"RHEA:21287":0.0,"RHEA:27677":0.0,"RHEA:39155":0.0,"RHEA:33211":0.0,"RHEA:18636":1000.0,"RHEA:31103":0.0,"RHEA:19820":-1000.0,"RHEA:30946":-1000.0,"RHEA:19952":1000.0,"RHEA:27881":0.0,"RHEA:10339":-1000.0,"RHEA:10255":0.0,"RHEA:11579":0.0,"RHEA:17473":0.0,"RHEA:17665":0.0,"RHEA:32718":0.0,"RHEA:25252":0.0,"RHEA:26429":1000.0,"RHEA:20520":0.0,"RHEA:27982":0.0,"RHEA:39159":0.0,"RHEA:12613":0.0,"RHEA:18324":0.0,"RHEA:30802":0.0,"RHEA:16948":-500.0,"RHEA:18384":0.0,"RHEA:30122":0.0,"RHEA:10935":1000.0,"RHEA:10915":0.0,"RHEA:13620":0.0,"RHEA:30658":-1000.0,"RHEA:17988":0.0,"RHEA:27685":0.0,"RHEA:30262":-0.9970089730807578,"RHEA:30275":-1000.0,"RHEA:45828":0.0,"RHEA:24383":0.0,"RHEA:21588":1000.0,"RHEA:34854":0.0,"RHEA:15096":0.0,"RHEA:27693":-1000.0,"RHEA:41863":0.0,"RHEA:59139":0.0,"RHEA:22675":0.0,"RHEA:41855":0.0,"RHEA:EX_15378":0.0,"RHEA:42291":0.0,"RHEA:41847":0.0,"RHEA:24796":0.0,"RHEA:22091":0.0,"RHEA:34174":0.0,"RHEA:16040":0.0,"RHEA:21363":0.0,"RHEA:30758":0.0,"RHEA:28675":0.0,"RHEA:15616":0.0,"RHEA:25081":-1000.0,"RHEA:48999":0.0,"RHEA:17096":0.0,"RHEA:20855":1000.0,"RHEA:23519":1000.0,"RHEA:18440":0.0,"RHEA:49003":-500.0,"RHEA:26437":1000.0,"RHEA:47951":1000.0,"RHEA:24563":-500.0,"RHEA:12071":0.0,"RHEA:18408":0.0,"RHEA:22631":0.0,"RHEA:30722":0.0,"RHEA:14360":0.0,"RHEA:18988":0.0,"RHEA:15892":-1000.0,"RHEA:31242":0.0,"RHEA:35351":0.0,"RHEA:39131":0.0,"RHEA:25600":0.0,"RHEA:28513":0.0,"RHEA:19129":1000.0,"RHEA:18868":0.0,"RHEA:19597":1000.0,"RHEA:20775":0.0,"RHEA:22335":0.0,"RHEA:16172":0.0,"RHEA:18684":0.0,"RHEA:18460":0.0,"RHEA:17664":-1000.0,"RHEA:22071":-1000.0,"RHEA:17828":-1000.0,"RHEA:10679":0.0,"RHEA:45848":0.0,"RHEA:13988":0.0,"RHEA:27889":0.0,"RHEA:25097":1000.0,"RHEA:38283":0.0,"RHEA:35326":-1000.0,"RHEA:23923":0.0,"RHEA:28041":0.0,"RHEA:11043":0.0,"RHEA:18620":1000.0,"RHEA:28193":0.0,"RHEA:49303":0.0,"RHEA:20715":0.0,"RHEA:42403":0.0,"RHEA:EX_57926":0.0,"RHEA:27653":-1000.0,"RHEA:78970":0.0,"RHEA:15393":0.0,"RHEA:21235":0.0,"RHEA:27657":0.0,"RHEA:13900":0.0,"RHEA:21871":0.0,"RHEA:44964":1000.0,"RHEA:15056":-1000.0,"RHEA:24299":0.0,"RHEA:24804":0.0,"RHEA:12644":-1000.0,"RHEA:21199":0.0,"RHEA:30070":-1000.0,"RHEA:27509":0.0,"RHEA:35603":0.0,"RHEA:17020":-500.0,"RHEA:12596":0.0,"RHEA:22171":0.0,"RHEA:59132":0.0,"RHEA:13704":0.0,"RHEA:30214":0.0,"RHEA:19625":-1000.0,"RHEA:13196":0.0,"RHEA:17297":-1000.0,"RHEA:24307":-500.0,"RHEA:15308":1000.0,"RHEA:43439":0.0,"RHEA:23703":-1000.0,"RHEA:16848":500.0,"RHEA:49583":0.0,"RHEA:19320":0.0,"RHEA:31146":0.0,"RHEA:14629":-1000.0,"RHEA:22939":0.0,"RHEA:16372":0.0,"RHEA:26209":0.0,"RHEA:23707":0.0,"RHEA:11299":0.0,"RHEA:23783":0.0,"RHEA:30738":0.0,"RHEA:29366":-1000.0,"RHEA:31286":0.0,"RHEA:21748":0.0,"RHEA:EX_57595":0.0,"RHEA:24571":0.0,"RHEA:47851":0.0,"RHEA:52335":0.0,"RHEA:17132":0.0,"RHEA:11171":0.0,"RHEA:25184":0.0,"RHEA:40526":-1000.0,"RHEA:19108":1000.0,"RHEA:EX_60039":0.0,"RHEA:30686":0.0,"RHEA:11095":1000.0,"RHEA:28585":0.0,"RHEA:27974":0.0,"RHEA:30126":0.0,"RHEA:EX_58601":0.0,"RHEA:EX_57762":0.0,"RHEA:28037":0.0,"RHEA:12248":0.0,"RHEA:19664":0.0,"RHEA:11355":1000.0,"RHEA:59415":0.0,"RHEA:EX_59789":0.0,"RHEA:EX_16526":0.0,"RHEA:17325":-500.0,"RHEA:24255":0.0,"RHEA:31554":0.0,"RHEA:14729":-1000.0,"RHEA:15805":0.0,"RHEA:23176":-1000.0,"RHEA:23587":0.0,"RHEA:31134":1000.0,"RHEA:23455":-1000.0,"RHEA:30238":-1000.0,"RHEA:EX_57305":0.0,"RHEA:15136":-1000.0,"RHEA:59124":0.0,"RHEA:19924":0.0,"RHEA:31802":0.0,"RHEA:40666":0.0,"RHEA:17976":1000.0,"RHEA:35663":0.0,"RHEA:31150":0.0,"RHEA:33806":0.0,"RHEA:31142":1000.0,"RHEA:17756":0.0,"RHEA:33370":0.0,"RHEA:13188":0.0,"RHEA:27885":0.0,"RHEA:17436":1000.0,"RHEA:30350":0.0,"RHEA:17825":1000.0,"RHEA:14084":1000.0,"RHEA:20373":-1000.0,"RHEA:16344":0.0,"RHEA:13520":0.0,"RHEA:30835":0.0,"RHEA:22195":0.0,"RHEA:27641":-1000.0,"RHEA:12768":1000.0,"RHEA:10303":-1000.0,"RHEA:28033":1000.0,"RHEA:28377":0.0,"RHEA:23536":0.0,"RHEA:14329":1000.0,"RHEA:30870":0.0,"RHEA:27697":0.0,"RHEA:30698":0.0,"RHEA:49288":0.0,"RHEA:EX_29919":0.0,"RHEA:27829":-1000.0,"RHEA:13457":0.0,"RHEA:EX_35235":0.0,"RHEA:29310":0.0,"RHEA:56963":-1000.0,"RHEA:17944":0.0,"RHEA:41811":0.0,"RHEA:25200":0.0,"RHEA:17340":0.0,"RHEA:27797":0.0,"RHEA:EX_58095":0.0,"RHEA:16128":0.0,"RHEA:77642":0.0,"RHEA:19500":0.0,"RHEA:63916":0.0,"RHEA:18256":1000.0,