{"RHEA:42424":0.0,"RHEA:10335":0.0,"RHEA:17400":0.0,"RHEA:24930":0.0,"RHEA:15216":-175.7320707490154,"RHEA:24411":367.5132851066797,"RHEA:17216":0.0,"RHEA:EX_57427":646.1384117448249,"RHEA:30391":0.0,"RHEA:30734":-130.36944241594458,"RHEA:10895":-206.9285196937879,"RHEA:21651":12.316811400341644,"RHEA:16796":62.35099960076501,"RHEA:10163":0.0,"RHEA:24023":26.170544434941306,"RHEA:24059":0.0,"RHEA:13716":-298.644184247662,"RHEA:32746":-44.01999887337895,"RHEA:18164":252.32352392678678,"RHEA:29378":95.27093593951767,"RHEA:51619":-6.816081604050993,"RHEA:27377":-10.461651583234458,"RHEA:28361":-30.648158680336373,"RHEA:26561":224.7593321230149,"RHEA:39135":0.0,"RHEA:24067":1.2164344547484934e-13,"RHEA:13436":-20.78932898371542,"RHEA:24391":0.140038562555175,"RHEA:10775":0.0,"RHEA:30134":89.90373284920908,"RHEA:11587":0.0,"RHEA:23099":-54.81469327758101,"RHEA:29370":10.95222372032188,"RHEA:21564":0.0,"RHEA:32462":3.0714912715014604e-12,"RHEA:32966":0.0,"RHEA:10119":0.0,"RHEA:55376":444.663560870726,"RHEA:EX_15379":1.0859253361470005e-11,"RHEA:17012":0.0,"RHEA:41887":-72.51605822836856,"RHEA:21260":0.0,"RHEA:15504":478.4876334772188,"RHEA:12359":0.0,"RHEA:31078":252.32352392678666,"RHEA:EX_28938":0.0,"RHEA:26478":0.0,"RHEA:23935":0.0,"RHEA:14720":112.91908845860661,"RHEA:28345":0.0,"RHEA:20224":146.7332737221758,"RHEA:29402":0.0,"RHEA:15184":0.003973744995713489,"RHEA:10736":0.0,"RHEA:17288":0.0,"RHEA:17808":808.4127239473074,"RHEA:25306":0.0,"RHEA:41912":-80.08618196273504,"RHEA:31218":0.0,"RHEA:11064":-99.35067582285524,"RHEA:41903":-162.41979107757774,"RHEA:16600":0.0,"RHEA:24805":0.0,"RHEA:19364":0.0,"RHEA:16232":0.0,"RHEA:18340":0.0,"RHEA:10743":0.0,"RHEA:33271":0.0,"RHEA:41895":-72.51605822836856,"RHEA:10607":0.0,"RHEA:13097":0.0,"RHEA:29195":0.0,"RHEA:33051":618.0219082097277,"RHEA:16296":620.7855590813481,"RHEA:13036":0.0,"RHEA:23543":2.4328689094969867e-13,"RHEA:27689":-172.03939204612908,"RHEA:29322":0.0,"RHEA:31090":252.32352392678666,"RHEA:41880":17.38767462084052,"RHEA:23067":0.0,"RHEA:24287":14.179828123450823,"RHEA:51627":97.86531524890678,"RHEA:25290":0.0,"RHEA:14268":2.4328689094969867e-13,"RHEA:28109":0.0,"RHEA:25237":44.88267227603704,"RHEA:27757":0.0,"RHEA:25163":-34.576545582922925,"RHEA:23523":36.02427801714584,"RHEA:41920":0.0,"RHEA:11615":357.85456847518265,"RHEA:EX_32682":0.0,"RHEA:22063":0.0,"RHEA:22567":-1.123713576059332,"RHEA:24219":0.0,"RHEA:22495":0.0,"RHEA:13493":-24.184104136437245,"RHEA:15424":0.0,"RHEA:41795":284.1335134234609,"RHEA:12423":0.0,"RHEA:20847":-427.9193383349906,"RHEA:75426":0.0,"RHEA:22863":0.0,"RHEA:30050":0.0,"RHEA:24292":0.0,"RHEA:21083":-62.62071079931313,"RHEA:22836":0.0,"RHEA:13068":0.0,"RHEA:45844":0.0,"RHEA:EX_57856":863.4815211872802,"RHEA:18304":224.20506705405646,"RHEA:30095":0.0,"RHEA:30750":-30.648158680335044,"RHEA:18232":0.0,"RHEA:30118":89.90373284920908,"RHEA:28209":-66.78068762237719,"RHEA:31138":0.0,"RHEA:45840":0.0,"RHEA:43484":0.0,"RHEA:18020":0.0,"RHEA:23151":-23.040236535228416,"RHEA:59143":0.0,"RHEA:37042":-3.0855370973754752e-12,"RHEA:26413":0.0,"RHEA:43636":0.0,"RHEA:40530":-359.5094477799782,"RHEA:14804":-73.23140289120447,"RHEA:12697":-111.13253566375205,"RHEA:63204":0.0,"RHEA:30150":-188.7797794140015,"RHEA:13240":0.0,"RHEA:25248":0.0,"RHEA:20783":125.33732545392711,"RHEA:28029":11.928201834906744,"RHEA:24816":-18.61007269978628,"RHEA:31158":1.1237135760510961,"RHEA:41528":97.4738565835701,"RHEA:19189":353.9723618763278,"RHEA:58136":0.0,"RHEA:25098":-0.44145877745891227,"RHEA:14008":30.412691578422834,"RHEA:27826":-12.202182949220205,"RHEA:21647":0.0,"RHEA:21039":486.30414724332996,"RHEA:49255":0.0,"RHEA:20016":24.993237732080203,"RHEA:13804":0.0,"RHEA:22475":-62.35099960076501,"RHEA:30742":0.0,"RHEA:14108":1.123713576058253,"RHEA:10415":0.0,"RHEA:15012":-1.7980746569833619,"RHEA:14976":0.0,"RHEA:12347":-2.4328689094969867e-13,"RHEA:10275":0.0,"RHEA:48612":0.0,"RHEA:34246":0.0,"RHEA:23011":0.0,"RHEA:25903":-3.0855370973754752e-12,"RHEA:26333":0.0,"RHEA:10191":0.0,"RHEA:41839":197.19514031925857,"RHEA:27861":0.0,"RHEA:EX_58195":-808.4127239473074,"RHEA:21259":112.91908845860661,"RHEA:10380":-24.993237732080203,"RHEA:16864":0.0,"RHEA:19484":0.0,"RHEA:25260":0.0,"RHEA:10167":-30.40967861283902,"RHEA:18248":0.0,"RHEA:21583":0.0,"RHEA:52331":0.0,"RHEA:11311":247.34803042615988,"RHEA:11847":-733.8791541710694,"RHEA:46279":-35.292821040528366,"RHEA:27721":-339.178988356986,"RHEA:36143":221.6753652464518,"RHEA:21019":-8.990373284920908,"RHEA:36166":0.0,"RHEA:25596":0.0,"RHEA:12187":0.0,"RHEA:21667":0.0,"RHEA:13968":-71.54955442579919,"RHEA:29358":-103.00875564222702,"RHEA:27834":0.0,"RHEA:16072":19.654498659119024,"RHEA:EX_15377":0.0,"RHEA:12976":-22.40570472485082,"RHEA:26312":0.0,"RHEA:10231":-261.43662462691765,"RHEA:23291":56.80372532200042,"RHEA:43347":0.0,"RHEA:30190":-205.11191271508986,"RHEA:11415":-45.56433722535729,"RHEA:41871":17.38767462084052,"RHEA:15760":18.77731624756631,"RHEA:31234":0.0,"RHEA:59735":0.0,"RHEA:28357":-30.648158680335165,"RHEA:18152":0.0,"RHEA:42319":-0.003973744995713489,"RHEA:23355":0.0,"RHEA:51931":0.0,"RHEA:26461":0.0,"RHEA:12916":0.0,"RHEA:31246":0.0,"RHEA:19632":-784.3098738807553,"RHEA:22831":6.562972497992262,"RHEA:18641":0.0,"RHEA:21071":217.608531581051,"RHEA:14836":0.0,"RHEA:15349":-24.59723123666065,"RHEA:24812":-539.824486780797,"RHEA:49579":0.0,"RHEA:41856":107.29140747004695,"RHEA:19896":-54.81469327758101,"RHEA:14832":-25.732556368993105,"RHEA:42643":0.0,"RHEA:21287":0.0,"RHEA:41824":197.19514031925857,"RHEA:27677":8.61415626103522,"RHEA:12664":-2.793422013849977e-10,"RHEA:39155":0.0,"RHEA:21207":0.0,"RHEA:33211":0.0,"RHEA:18636":0.0,"RHEA:31103":0.0,"RHEA:19820":-1.1237135760584285,"RHEA:30946":-30.648158680333076,"RHEA:19952":-45.56433722535729,"RHEA:27881":0.0,"RHEA:10339":-522.8732492538381,"RHEA:10255":-27.574825588715875,"RHEA:11579":0.0,"RHEA:17473":0.0,"RHEA:30774":34.09538307060028,"RHEA:17665":0.0,"RHEA:41896":-72.51605822836856,"RHEA:32718":0.0,"RHEA:25252":-539.824486780797,"RHEA:26429":0.0,"RHEA:44696":0.0,"RHEA:20520":0.0,"RHEA:27982":0.0,"RHEA:39159":126.16176196339302,"RHEA:12613":0.0,"RHEA:18324":620.7855590813481,"RHEA:30802":-449.5186642460292,"RHEA:16948":24.531124222287815,"RHEA:18384":0.0,"RHEA:30122":89.90373284920908,"RHEA:10935":26.170544434941306,"RHEA:40523":148.06897537090865,"RHEA:10915":62.35099960076501,"RHEA:32967":0.0,"RHEA:38215":1.1237135760588695,"RHEA:41848":99.72128373568847,"RHEA:13620":0.0,"RHEA:30658":21.360033897286485,"RHEA:17988":0.0,"RHEA:33754":0.0,"RHEA:27685":1.7980746569841817,"RHEA:30262":-2.4975382268695834e-14,"RHEA:30275":-170.30822618149108,"RHEA:45828":0.0,"RHEA:24383":0.0,"RHEA:21588":24.59723123666065,"RHEA:34854":0.0,"RHEA:15096":-10.69854420905588,"RHEA:27693":-88.96484569683498,"RHEA:41863":107.29140747004695,"RHEA:59139":0.0,"RHEA:22675":0.0,"RHEA:41855":107.2914074700496,"RHEA:EX_15378":0.0,"RHEA:42291":0.0,"RHEA:41847":197.19514031925857,"RHEA:24796":6.562972497992262,"RHEA:22091":0.0,"RHEA:34174":21.127377219564096,"RHEA:16040":0.0,"RHEA:21363":0.0,"RHEA:30758":0.0,"RHEA:28675":0.0,"RHEA:15616":0.0,"RHEA:25081":-206.9285196937879,"RHEA:48999":0.0,"RHEA:17096":0.0,"RHEA:20855":-594.1892752366008,"RHEA:23519":9.486375446369246,"RHEA:18440":0.0,"RHEA:49003":-1.1237135760499548,"RHEA:26437":29.967910949738606,"RHEA:47951":-54.81469327758101,"RHEA:24563":-69.75255524237174,"RHEA:12071":0.0,"RHEA:18408":-19.059591364032325,"RHEA:22631":145.59875583048816,"RHEA:30722":0.0,"RHEA:14360":0.6293261299473443,"RHEA:18988":0.0,"RHEA:15892":-120.63306500203565,"RHEA:31242":0.0,"RHEA:35351":0.0,"RHEA:39131":0.0,"RHEA:25600":0.0,"RHEA:28513":0.0,"RHEA:19129":0.0,"RHEA:18868":0.0,"RHEA:19597":55.901246008786146,"RHEA:20775":0.0,"RHEA:22335":0.0,"RHEA:16172":0.0,"RHEA:18684":0.0,"RHEA:18460":0.0,"RHEA:17664":-21.444487683546413,"RHEA:22071":359.8829911871978,"RHEA:17828":-4.872029441142782e-14,"RHEA:14465":6.562972497992262,"RHEA:32995":0.0,"RHEA:10679":620.7855590813481,"RHEA:45848":0.0,